full_name,topics
StackStorm/st2,python
StackStorm/st2,stackstorm
StackStorm/st2,devops
StackStorm/st2,deployment
StackStorm/st2,cicd
StackStorm/st2,automation
StackStorm/st2,auto-remediation
StackStorm/st2,st2
StackStorm/st2,workflows
StackStorm/st2,chatops
StackStorm/st2,ifttt
StackStorm/st2,sre
markovmodel/adaptivemd,python
markovmodel/adaptivemd,markov-model
markovmodel/adaptivemd,hpc
markovmodel/adaptivemd,adaptive
markovmodel/adaptivemd,molecular-dynamics-simulation
ornladios/ADIOS2,adios
ornladios/ADIOS2,cmake
ornladios/ADIOS2,exascale-computing
ornladios/ADIOS2,hdf5
ornladios/ADIOS2,hpc
ornladios/ADIOS2,io
ornladios/ADIOS2,ecp
ornladios/ADIOS2,exascale
ornladios/ADIOS2,high-performance-computing
aiidateam/aiida-core,aiida
aiidateam/aiida-core,workflow
aiidateam/aiida-core,workflow-engine
aiidateam/aiida-core,provenance
aiidateam/aiida-core,database
aiidateam/aiida-core,ssh
aiidateam/aiida-core,scheduler
aiidateam/aiida-core,data-provenance
aiidateam/aiida-core,workflows
aiidateam/aiida-core,computational-science
apache/airavata,airavata
apache/airavata,java
apache/airavata,sciencegateways
apache/airavata,gateways
apache/airavata,cloudnative
apache/airavata,microservices
apache/airavata,workfloworchestrator
apache/airavata,workflow
apache/airavata,bigdata
apache/airflow,airflow
apache/airflow,apache
apache/airflow,apache-airflow
apache/airflow,python
apache/airflow,scheduler
apache/airflow,workflow
apache/airflow,hacktoberfest
alibaba/Alink,machine-learning
alibaba/Alink,flink
alibaba/Alink,classification
alibaba/Alink,clustering
alibaba/Alink,regression
alibaba/Alink,graph-algorithms
alibaba/Alink,xgboost
alibaba/Alink,recommender
alibaba/Alink,recommender-system
alibaba/Alink,feature-engineering
alibaba/Alink,statistics
alibaba/Alink,kafka
alibaba/Alink,data-mining
alibaba/Alink,apriori
alibaba/Alink,word2vec
alibaba/Alink,flink-ml
alibaba/Alink,fm
alibaba/Alink,flink-machine-learning
alibaba/Alink,graph-embedding
Matts966/alphasql,bigquery
Matts966/alphasql,zetasql
Matts966/alphasql,typechecker
Matts966/alphasql,parallelization
Matts966/alphasql,graphviz
Matts966/alphasql,dot-language
Matts966/alphasql,datawarehouse
Matts966/alphasql,datawarehouseautomation
Matts966/alphasql,docker
Matts966/alphasql,workflow-automation
Matts966/alphasql,workflow-tool
Matts966/alphasql,pipeline-framework
Matts966/alphasql,dependency-graph
Matts966/alphasql,dependency-analysis
Matts966/alphasql,elt
Matts966/alphasql,cycle-detection
amundsen-io/amundsen,amundsen
amundsen-io/amundsen,metadata
amundsen-io/amundsen,data-catalog
amundsen-io/amundsen,data-discovery
amundsen-io/amundsen,linuxfoundation
biobakery/anadama2,biobakery
biobakery/anadama2,public
biobakery/anadama2,tools
biobakery/anadama2,python
intel-analytics/analytics-zoo,apache-spark
intel-analytics/analytics-zoo,deep-neural-network
intel-analytics/analytics-zoo,distributed-deep-learning
intel-analytics/analytics-zoo,keras-tensorflow
intel-analytics/analytics-zoo,bigdl
intel-analytics/analytics-zoo,analytics-zoo
intel-analytics/analytics-zoo,python
intel-analytics/analytics-zoo,scala
intel-analytics/analytics-zoo,pytorch
Angel-ML/angel,machine-learning
Angel-ML/angel,parameter-server
Angel-ML/angel,spark
Angel-ML/angel,scala
Angel-ML/angel,model
Angel-ML/angel,high-dimensional
Angel-ML/angel,online-learning
Angel-ML/angel,spark-streaming
artefactual/archivematica,digital-preservation
artefactual/archivematica,archivematica
argoproj/argo-workflows,workflow
argoproj/argo-workflows,kubernetes
argoproj/argo-workflows,argo
argoproj/argo-workflows,dag
argoproj/argo-workflows,knative
argoproj/argo-workflows,airflow
argoproj/argo-workflows,machine-learning
argoproj/argo-workflows,argo-workflows
argoproj/argo-workflows,workflow-engine
argoproj/argo-workflows,hacktoberfest
argoproj/argo-workflows,cloud-native
argoproj/argo-workflows,cncf
argoproj/argo-workflows,k8s
argoproj/argo-workflows,gitops
argoproj/argo-workflows,mlops
artigraph/artigraph,python
artigraph/artigraph,data
arvados/arvados,arvados
arvados/arvados,ruby
arvados/arvados,python
arvados/arvados,go
arvados/arvados,docker
arvados/arvados,cluster
arvados/arvados,cloud
arvados/arvados,cwl
arvados/arvados,bigdata
arvados/arvados,bioinformatics
arvados/arvados,genomics
arvados/arvados,workflow
arvados/arvados,aws
arvados/arvados,gcp
arvados/arvados,azure
arvados/arvados,workflow-engine
MG-RAST/AWE,awe
MG-RAST/AWE,shock
MG-RAST/AWE,workflow
MG-RAST/AWE,multi-cloud
MG-RAST/AWE,mg-rast
azkaban/azkaban,workflow-engine
azkaban/azkaban,azkaban
azkaban/azkaban,scheduling
azkaban/azkaban,hacktoberfest
big-data-processor/bd-processor,workflow-management-system
big-data-processor/bd-processor,data-workbench
big-data-processor/bd-processor,interactive-data-analysis
apache/beam,python
apache/beam,java
apache/beam,big-data
apache/beam,beam
apache/beam,batch
apache/beam,golang
apache/beam,sql
apache/beam,streaming
bentoml/BentoML,model-serving
bentoml/BentoML,model-deployment
bentoml/BentoML,model-management
bentoml/BentoML,ml-platform
bentoml/BentoML,ml-infrastructure
bentoml/BentoML,ai
bentoml/BentoML,machine-learning
bentoml/BentoML,aws-sagemaker
bentoml/BentoML,mlops
bentoml/BentoML,bentoml
bentoml/BentoML,kubernetes
bentoml/BentoML,deep-learning
bentoml/BentoML,inference-server
bentoml/BentoML,microservices
bentoml/BentoML,llmops
bentoml/BentoML,lmops
bentoml/BentoML,generative-ai
genouest/biomaj,python
genouest/biomaj,bioinformatics
genouest/biomaj,bioinformatics-data
genouest/biomaj,downloader
genouest/biomaj,open-source
evoldoers/biomake,workflows
evoldoers/biomake,makefiles
evoldoers/biomake,gnu-make
evoldoers/biomake,swi-prolog
evoldoers/biomake,prolog
evoldoers/biomake,bioinformatics
bionode/bionode-watermill,bionode
bionode/bionode-watermill,tool
bionode/bionode-watermill,pipeline
bionode/bionode-watermill,bioinformatics
bionode/bionode-watermill,nodejs
biopet/biopet,pipeline
biopet/biopet,gatk
biopet/biopet,workflow
biopet/biopet,scala
liyao001/BioQueue,bioinformatics-pipeline
liyao001/BioQueue,bioinformatics
pveber/bistro,ocaml
pveber/bistro,bioinformatics
pveber/bistro,computational-biology
pveber/bistro,workflow
pveber/bistro,pipeline
python-bonobo/bonobo,data-processing
python-bonobo/bonobo,extract-transform-load
python-bonobo/bonobo,bonobo
python-bonobo/bonobo,python3
python-bonobo/bonobo,automation
python-bonobo/bonobo,parallelization
onnovalkering/brane,containers
onnovalkering/brane,dsl
onnovalkering/brane,branescript
yakneens/butler,bioinformatics
yakneens/butler,cloud
yakneens/butler,workflow
yakneens/butler,python
yakneens/butler,docker
yakneens/butler,science
uber/cadence,uber
uber/cadence,cadence
uber/cadence,workflows
uber/cadence,orchestration-engine
uber/cadence,workflow-automation
uber/cadence,distributed-systems
uber/cadence,service-bus
uber/cadence,service-fabric
uber/cadence,services-platform
uber/cadence,golang
uber/cadence,java
cwensel/cascading,hadoop
cwensel/cascading,java
cwensel/cascading,mapreduce
cwensel/cascading,tez
mesos/chronos,chronos
mesos/chronos,mesos
mesos/chronos,job-scheduler
mesos/chronos,scheduled-jobs
mesos/chronos,fault-tolerance
mesos/chronos,cron
mesos/chronos,crontab
mesos/chronos,cron-jobs
mesos/chronos,mesos-framework
mesos/chronos,chronos-scheduler
mesos/chronos,mesosphere
ckan/ckan,python
ckan/ckan,open-data
ckan/ckan,data
ckan/ckan,catalog
ckan/ckan,api
ckan/ckan,ckan
ckan/ckan,ckanext
claimed-framework/component-library,data-science
claimed-framework/component-library,machine-learning
CSCLabTW/CloudDOE,cloud-computing
CSCLabTW/CloudDOE,mapreduce
CSCLabTW/CloudDOE,bioinformatics
CSCLabTW/CloudDOE,analysis
CSCLabTW/CloudDOE,deploy
CSCLabTW/CloudDOE,operate
CSCLabTW/CloudDOE,extend
genepi/cloudgene,cloudgene
genepi/cloudgene,hadoop
genepi/cloudgene,docker
genepi/cloudgene,analysis-pipeline
genepi/cloudgene,cloudgene-saas
ewels/clusterflow,clusterflow
ewels/clusterflow,bioinformatics
ewels/clusterflow,pipeline
ewels/clusterflow,bioinfomatics-pipeline
ewels/clusterflow,perl
mlcommons/ck,productivity
mlcommons/ck,automation
mlcommons/ck,reproducibility
mlcommons/ck,open-source
mlcommons/ck,machine-learning
mlcommons/ck,portability
mlcommons/ck,reusability
mlcommons/ck,collaboration
mlcommons/ck,modularity
mlcommons/ck,software-engineering
mlcommons/ck,mlperf
mlcommons/ck,artificial-intelligence
mlcommons/ck,platform
mlcommons/ck,scripting-language
mlcommons/ck,reproducible-research
mlcommons/ck,technology-transfer
sing-group/compi,computational-pipelines
sing-group/compi,workflow-engine
sing-group/compi,pipeline
sing-group/compi,java-framework
sing-group/compi,cli-application
sing-group/compi,pipeline-framework
bsc-wdc/compss,distributed-computing
bsc-wdc/compss,workflows
bsc-wdc/compss,java
bsc-wdc/compss,python
bsc-wdc/compss,c
bsc-wdc/compss,workflow-management-system
bsc-wdc/compss,pipeline-framework
bsc-wdc/compss,hpc
bsc-wdc/compss,docker
bsc-wdc/compss,singularity
bsc-wdc/compss,slurm
Consonance/consonance,java
Consonance/consonance,cloud
Consonance/consonance,aws-ec2
Consonance/consonance,azure
Consonance/consonance,openstack
Consonance/consonance,cwl
cortexlabs/cortex,machine-learning
cortexlabs/cortex,infrastructure
couler-proj/couler,cloud-native
couler-proj/couler,workflow-management
couler-proj/couler,machine-learning
couler-proj/couler,distributed-computing
couler-proj/couler,kubernetes
couler-proj/couler,workflow-engine
couler-proj/couler,argo-workflows
couler-proj/couler,tekton-pipelines
couler-proj/couler,apache-airflow
couler-proj/couler,unified-interface
couler-proj/couler,unified-api
couler-proj/couler,scheduler
couler-proj/couler,workflow-automation
couler-proj/couler,kubeflow
couler-proj/couler,python
AgnostiqHQ/covalent,hpc
AgnostiqHQ/covalent,workflow
AgnostiqHQ/covalent,workflow-automation
AgnostiqHQ/covalent,workflow-management
AgnostiqHQ/covalent,quantum-computing
AgnostiqHQ/covalent,hpc-applications
AgnostiqHQ/covalent,python
AgnostiqHQ/covalent,machine-learning
AgnostiqHQ/covalent,pipelines
AgnostiqHQ/covalent,covalent
AgnostiqHQ/covalent,orchestration
AgnostiqHQ/covalent,parallelization
AgnostiqHQ/covalent,machinelearning
AgnostiqHQ/covalent,machinelearning-python
AgnostiqHQ/covalent,quantum
AgnostiqHQ/covalent,quantum-machine-learning
AgnostiqHQ/covalent,data-science
AgnostiqHQ/covalent,data-pipeline
AgnostiqHQ/covalent,etl
AgnostiqHQ/covalent,deep-learning
MelbourneGenomics/cpipe,dont-move
broadinstitute/cromwell,workflow-execution
broadinstitute/cromwell,workflow
broadinstitute/cromwell,cloud
broadinstitute/cromwell,hpc
broadinstitute/cromwell,bioinformatics
broadinstitute/cromwell,executor
broadinstitute/cromwell,scala
broadinstitute/cromwell,docker
broadinstitute/cromwell,ga4gh
broadinstitute/cromwell,containers
broadinstitute/cromwell,wdl
broadinstitute/cromwell,workflow-description-language
broadinstitute/cromwell,application
joergen7/cuneiform,workflow-engine
joergen7/cuneiform,functional-programming
joergen7/cuneiform,distributed-computing
joergen7/cuneiform,erlang
joergen7/cuneiform,workflow
joergen7/cuneiform,bioinformatics
joergen7/cuneiform,machine-learning
joergen7/cuneiform,parallelization
joergen7/cuneiform,otp
yuch7/cwlexec,workflow
yuch7/cwlexec,lsf
yuch7/cwlexec,cwl
yuch7/cwlexec,java
common-workflow-language/cwltool,common-workflow-language
common-workflow-language/cwltool,cwl
common-workflow-language/cwltool,workflows
common-workflow-language/cwltool,containers
common-workflow-language/cwltool,science
common-workflow-language/cwltool,commonwl
common-workflow-language/cwltool,sciworkflows
caicloud/cyclone,continuous-integration
caicloud/cyclone,continuous-delivery
caicloud/cyclone,ci-cd
caicloud/cyclone,kubernetes
caicloud/cyclone,workflow
caicloud/cyclone,dag
caicloud/cyclone,ai-pipeline
cylc/cylc-flow,workflow-engine
cylc/cylc-flow,python
cylc/cylc-flow,metascheduler
cylc/cylc-flow,workflow-automation
cylc/cylc-flow,workflow-management
cylc/cylc-flow,cycling-workflows
cylc/cylc-flow,job-scheduler
cylc/cylc-flow,scheduling
cylc/cylc-flow,cylc
cylc/cylc-flow,scheduler
cylc/cylc-flow,hacktoberfest
cylc/cylc-flow,workflow
chanzuckerberg/czid-dag,genomics
chanzuckerberg/czid-dag,infectious-diseases
chanzuckerberg/czid-dag,idseq
dagster-io/dagster,data-pipelines
dagster-io/dagster,dagster
dagster-io/dagster,workflow
dagster-io/dagster,data-science
dagster-io/dagster,workflow-automation
dagster-io/dagster,python
dagster-io/dagster,scheduler
dagster-io/dagster,data-orchestrator
dagster-io/dagster,etl
dagster-io/dagster,analytics
dagster-io/dagster,data-engineering
dagster-io/dagster,mlops
dagster-io/dagster,orchestration
dagster-io/dagster,data-integration
dagster-io/dagster,metadata
dask/dask,dask
dask/dask,python
dask/dask,pydata
dask/dask,numpy
dask/dask,pandas
dask/dask,scikit-learn
dask/dask,scipy
dataform-co/dataform,data-pipelines
dataform-co/dataform,elt
dataform-co/dataform,data-engineering
dataform-co/dataform,business-intelligence
dataform-co/dataform,analytics
dataform-co/dataform,etl
dataform-co/dataform,hacktoberfest
datahub-project/datahub,metadata
datahub-project/datahub,linkedin
datahub-project/datahub,datahub
datahub-project/datahub,data-catalog
datahub-project/datahub,data-discovery
datajoint/datajoint-python,datajoint
datajoint/datajoint-python,scientific-computing
datajoint/datajoint-python,databases
datajoint/datajoint-python,data-analysis
datajoint/datajoint-python,pipeline-framework
datajoint/datajoint-python,python
datajoint/datajoint-python,relational-databases
datajoint/datajoint-python,relational-algebra
datajoint/datajoint-python,relational-model
datajoint/datajoint-python,mysql
datajoint/datajoint-python,data-pipelines
datajoint/datajoint-python,cloud-computing
datajoint/datajoint-python,s3
datajoint/datajoint-python,workflow-management
datalad/datalad,python
datalad/datalad,git-annex
datalad/datalad,data-storage
datalad/datalad,dataset
datalad/datalad,usable
datalad/datalad,closember
datashim-io/datashim,dataset-lifecycle-framework
datashim-io/datashim,noobaa
datashim-io/datashim,kubernetes
datashim-io/datashim,s3
datashim-io/datashim,nfs
datashim-io/datashim,csi
dbt-labs/dbt-core,dbt-viewpoint
dbt-labs/dbt-core,slack
dbt-labs/dbt-core,pypa
dbt-labs/dbt-core,data-modeling
dbt-labs/dbt-core,business-intelligence
dbt-labs/dbt-core,analytics
dbt-labs/dbt-core,elt
dspinellis/dgsh,pipeline
dspinellis/dgsh,shell
dspinellis/dgsh,unix
dspinellis/dgsh,unix-shell
treasure-data/digdag,digdag
dogtools/dog,go
dogtools/dog,automation
dogtools/dog,cli
dogtools/dog,task-runner
dogtools/dog,dogtools
pydoit/doit,python
pydoit/doit,build-tool
pydoit/doit,build-automation
pydoit/doit,task-runner
pydoit/doit,build-system
pydoit/doit,workflow-management
pydoit/doit,data-pipeline
pydoit/doit,workflow
pydoit/doit,workflow-automation
pydoit/doit,data-science
pydoit/doit,hacktoberfest
ropensci/drake,reproducibility
ropensci/drake,high-performance-computing
ropensci/drake,r
ropensci/drake,data-science
ropensci/drake,drake
ropensci/drake,makefile
ropensci/drake,pipeline
ropensci/drake,workflow
ropensci/drake,reproducible-research
ropensci/drake,rstats
ropensci/drake,r-package
ropensci/drake,ropensci
ropensci/drake,peer-reviewed
apache/drill,java
apache/drill,big-data
apache/drill,drill
apache/drill,sql
apache/drill,hive
apache/drill,hadoop
apache/drill,jdbc
apache/drill,parquet
ParkerLab/drmr,workload-automation
ParkerLab/drmr,tool
ParkerLab/drmr,slurm
ParkerLab/drmr,pbs
ParkerLab/drmr,pipeline
ParkerLab/drmr,software
iterative/dvc,data-science
iterative/dvc,machine-learning
iterative/dvc,reproducibility
iterative/dvc,data-version-control
iterative/dvc,git
iterative/dvc,developer-tools
iterative/dvc,collaboration
iterative/dvc,ai
iterative/dvc,python
iterative/dvc,hacktoberfest
LANL-Bioinformatics/EDGE,bioinformatics
LANL-Bioinformatics/EDGE,genomics
odpi/egeria,metadata-management
odpi/egeria,governance
odpi/egeria,data-governance
odpi/egeria,data-engineering
odpi/egeria,odpi-egeria
odpi/egeria,linux-foundation
odpi/egeria,odpi
odpi/egeria,hacktoberfest
odpi/egeria,java
odpi/egeria,egeria
Ensembl/ensembl-hive,ensembl
Ensembl/ensembl-hive,workflow-management-system
Ensembl/ensembl-hive,perl
Ensembl/ensembl-hive,java
Ensembl/ensembl-hive,python
Ensembl/ensembl-hive,mysql
Ensembl/ensembl-hive,sqlite
Ensembl/ensembl-hive,postgresql
Ensembl/ensembl-hive,high-performance-computing
Ensembl/ensembl-hive,lsf
Ensembl/ensembl-hive,sge
Ensembl/ensembl-hive,htcondor
Ensembl/ensembl-hive,pbs-pro
Ensembl/ensembl-hive,pipeline
Ensembl/ensembl-hive,pbspro
Ensembl/ensembl-hive,ehive
Ensembl/ensembl-hive,docker
Ensembl/ensembl-hive,docker-swarm
Ensembl/ensembl-hive,slurm
enso-org/enso,visual
enso-org/enso,language
enso-org/enso,functional
enso-org/enso,compiler
enso-org/enso,hybrid
enso-org/enso,enso
enso-org/enso,textual
enso-org/enso,interpreter
enso-org/enso,rts
enso-org/enso,jit
enso-org/enso,polyglot
enso-org/enso,graalvm
GenomiqueENS/eoulsan,rna-seq
GenomiqueENS/eoulsan,java
GenomiqueENS/eoulsan,cloud-computing-clusters
GenomiqueENS/eoulsan,analysis
GenomiqueENS/eoulsan,workflow-engine
GenomiqueENS/eoulsan,bioinformatics-pipeline
druths/xp,data-science
druths/xp,workflow
druths/xp,pipeline
druths/xp,research-tool
druths/xp,notebook
apache/flink,scala
apache/flink,java
apache/flink,big-data
apache/flink,flink
apache/flink,python
apache/flink,sql
flow-r/flowr,bioinformatics
flow-r/flowr,cran
flow-r/flowr,workflow
flow-r/flowr,flowr
flow-r/flowr,pipeline
flow-r/flowr,cluster
flow-r/flowr,cloud
flow-r/flowr,tsv
flyteorg/flyte,flyte
flyteorg/flyte,machine-learning
flyteorg/flyte,golang
flyteorg/flyte,scale
flyteorg/flyte,workflow
flyteorg/flyte,data-science
flyteorg/flyte,data-analysis
flyteorg/flyte,data
flyteorg/flyte,kubernetes-operator
flyteorg/flyte,kubernetes
flyteorg/flyte,orchestration-engine
flyteorg/flyte,mlops
flyteorg/flyte,dataops
flyteorg/flyte,grpc
flyteorg/flyte,python
flyteorg/flyte,production
flyteorg/flyte,production-grade
flyteorg/flyte,declarative
flyteorg/flyte,fine-tuning
flyteorg/flyte,llm
ForestFlow/ForestFlow,machine-learning
ForestFlow/ForestFlow,model-deployment
ForestFlow/ForestFlow,h2o
fractalide/fractalide,flow-based-programming
fractalide/fractalide,nix
fractalide/fractalide,rust
fractalide/fractalide,racket
galaxyproject/galaxy,bioinformatics
galaxyproject/galaxy,workflow
galaxyproject/galaxy,genomics
galaxyproject/galaxy,science
galaxyproject/galaxy,sequencing
galaxyproject/galaxy,ngs
galaxyproject/galaxy,dna
galaxyproject/galaxy,usegalaxy
galaxyproject/galaxy,pipeline
galaxyproject/galaxy,workflow-engine
galaxyproject/galaxy,hacktoberfest
broadinstitute/gatk,genomics
broadinstitute/gatk,spark
broadinstitute/gatk,science
broadinstitute/gatk,dna
broadinstitute/gatk,ngs
broadinstitute/gatk,sequencing
broadinstitute/gatk,genome
broadinstitute/gatk,bioinformatics
broadinstitute/gatk,gatk
genepattern/genepattern-notebook,jupyter
genepattern/genepattern-notebook,genepattern
genepattern/genepattern-notebook,python
genepattern/genepattern-notebook,bioinformatics
genepattern/genepattern-notebook,nbextension
genepattern/genepattern-notebook,reproducible-research
ESIPFed/Geoweaver,esip-lab
ESIPFed/Geoweaver,ai
ESIPFed/Geoweaver,earth-science
ESIPFed/Geoweaver,proxy
ESIPFed/Geoweaver,jupyter-notebook
ESIPFed/Geoweaver,jupyter-hub
ESIPFed/Geoweaver,jupyter-lab
ESIPFed/Geoweaver,google-earth-engine
ESIPFed/Geoweaver,docker
ESIPFed/Geoweaver,pangeo
ESIPFed/Geoweaver,kubernetes
ESIPFed/Geoweaver,workflow
ESIPFed/Geoweaver,workflow-engine
ESIPFed/Geoweaver,workflow-management
ESIPFed/Geoweaver,workflow-tool
ESIPFed/Geoweaver,pipeline
ESIPFed/Geoweaver,pipeline-framework
ESIPFed/Geoweaver,scientific-computing
apache/giraph,giraph
apache/giraph,java
apache/giraph,big-data
apple/turicreate,machine-learning
apple/turicreate,deep-learning
apple/turicreate,python
great-expectations/great_expectations,pipeline-tests
great-expectations/great_expectations,dataquality
great-expectations/great_expectations,datacleaning
great-expectations/great_expectations,datacleaner
great-expectations/great_expectations,data-science
great-expectations/great_expectations,data-profiling
great-expectations/great_expectations,pipeline
great-expectations/great_expectations,pipeline-testing
great-expectations/great_expectations,cleandata
great-expectations/great_expectations,dataunittest
great-expectations/great_expectations,data-unit-tests
great-expectations/great_expectations,eda
great-expectations/great_expectations,exploratory-data-analysis
great-expectations/great_expectations,exploratory-analysis
great-expectations/great_expectations,exploratorydataanalysis
great-expectations/great_expectations,data-quality
great-expectations/great_expectations,data-engineering
great-expectations/great_expectations,pipeline-debt
great-expectations/great_expectations,data-profilers
great-expectations/great_expectations,mlops
gwforg/gwf,scientific-computing
gwforg/gwf,workflow
gwforg/gwf,pragmatic
gwforg/gwf,python
h2oai/h2o-3,h2o
h2oai/h2o-3,machine-learning
h2oai/h2o-3,data-science
h2oai/h2o-3,deep-learning
h2oai/h2o-3,big-data
h2oai/h2o-3,ensemble-learning
h2oai/h2o-3,gbm
h2oai/h2o-3,random-forest
h2oai/h2o-3,naive-bayes
h2oai/h2o-3,pca
h2oai/h2o-3,opensource
h2oai/h2o-3,distributed
h2oai/h2o-3,java
h2oai/h2o-3,python
h2oai/h2o-3,r
h2oai/h2o-3,hadoop
h2oai/h2o-3,spark
h2oai/h2o-3,gpu
h2oai/h2o-3,automl
h2oai/h2o-3,h2o-automl
apache/hadoop,hadoop
apache/hive,java
apache/hive,hive
apache/hive,database
apache/hive,sql
apache/hive,apache
apache/hive,big-data
apache/hive,hadoop
apache/incubator-hivemall,hivemall
hstreamdb/hstream,streaming
hstreamdb/hstream,database
hstreamdb/hstream,iot
hstreamdb/hstream,stream-processing
hstreamdb/hstream,haskell
hstreamdb/hstream,real-time
hstreamdb/hstream,sql
hstreamdb/hstream,hstreamdb
hstreamdb/hstream,scale
hstreamdb/hstream,distributed-systems
hstreamdb/hstream,distributed-database
hstreamdb/hstream,materialized-view
hstreamdb/hstream,kafka
hstreamdb/hstream,financial-analysis
hstreamdb/hstream,realtime-database
hstreamdb/hstream,iot-database
hstreamdb/hstream,data-processing
hstreamdb/hstream,streaming-data
hstreamdb/hstream,streaming-database
apache/hudi,hudi
apache/hudi,apachehudi
apache/hudi,datalake
apache/hudi,bigdata
apache/hudi,apachespark
apache/hudi,incremental-processing
apache/hudi,stream-processing
apache/hudi,data-integration
apache/hudi,apacheflink
hyperflow-wms/hyperflow,workflow-engine
hyperflow-wms/hyperflow,scientific-workflow
hyperflow-wms/hyperflow,hyperflow-engine
hyperflow-wms/hyperflow,workflow
glentner/hyper-shell,distributed-computing
glentner/hyper-shell,command-line-tool
glentner/hyper-shell,shell-scripting
glentner/hyper-shell,high-performance-computing
glentner/hyper-shell,cluster
PMCC-BioinformaticsCore/janis,workflow
PMCC-BioinformaticsCore/janis,common-workflow-language
PMCC-BioinformaticsCore/janis,workflow-description-language
PMCC-BioinformaticsCore/janis,cwl
PMCC-BioinformaticsCore/janis,wdl
PMCC-BioinformaticsCore/janis,python
materialsproject/jobflow,workflows
joblib/joblib,python
joblib/joblib,parallel-computing
joblib/joblib,caching
joblib/joblib,multiprocessing
joblib/joblib,threading
joblib/joblib,memoization
luispedro/jug,python
luispedro/jug,parallel-computing
luispedro/jug,hpc
luispedro/jug,python-2
luispedro/jug,python-3
luispedro/jug,workflow
luispedro/jug,workflow-engine
alpha-unito/jupyter-workflow,jupyter
alpha-unito/jupyter-workflow,workflows
influxdata/kapacitor,kapacitor
influxdata/kapacitor,monitoring
influxdata/kapacitor,time-series
kedro-org/kedro,pipeline
kedro-org/kedro,kedro
kedro-org/kedro,hacktoberfest
kedro-org/kedro,mlops
kedro-org/kedro,experiment-tracking
kedro-org/kedro,python
kedro-org/kedro,machine-learning
kedro-org/kedro,machine-learning-engineering
kestra-io/kestra,workflow
kestra-io/kestra,workflow-engine
kestra-io/kestra,orchestration
kestra-io/kestra,scheduler
kestra-io/kestra,data-pipeline
kestra-io/kestra,elt
kestra-io/kestra,etl
kestra-io/kestra,data
kestra-io/kestra,data-engineering
kestra-io/kestra,data-orchestration
kestra-io/kestra,data-orchestrator
kestra-io/kestra,low-code
kestra-io/kestra,data-integration
kestra-io/kestra,reverse-etl
kestra-io/kestra,data-quality
kestra-io/kestra,pipeline
hammerlab/ketrew,ocaml
hammerlab/ketrew,edsl
hammerlab/ketrew,workflows
thbar/kiba,etl
thbar/kiba,etl-ruby
thbar/kiba,ruby
thbar/kiba,data
thbar/kiba,rubydatascience
gijzelaerr/kliko,science
gijzelaerr/kliko,docker
gijzelaerr/kliko,containers
gijzelaerr/kliko,python
knime/knime-core,open-source
knime/knime-core,workflow
knime/knime-core,machine-learning
knime/knime-core,database
knime/knime-core,tool-blending
knime/knime-core,integration
kubeflow/kubeflow,ml
kubeflow/kubeflow,kubernetes
kubeflow/kubeflow,minikube
kubeflow/kubeflow,tensorflow
kubeflow/kubeflow,notebook
kubeflow/kubeflow,google-kubernetes-engine
kubeflow/kubeflow,jupyter
kubeflow/kubeflow,machine-learning
kubeflow/kubeflow,kubeflow
lf-edge/ekuiper,edge
lf-edge/ekuiper,sql
lf-edge/ekuiper,iot
lf-edge/ekuiper,edge-analytics
lf-edge/ekuiper,edge-streaming
lf-edge/ekuiper,edge-computing
lf-edge/ekuiper,rule-engine
treeverse/lakeFS,data-engineering
treeverse/lakeFS,data-versioning
treeverse/lakeFS,go
treeverse/lakeFS,object-storage
treeverse/lakeFS,data-lake
treeverse/lakeFS,aws-s3
treeverse/lakeFS,data-quality
treeverse/lakeFS,azure-blob-storage
treeverse/lakeFS,google-cloud-storage
treeverse/lakeFS,golang
treeverse/lakeFS,git-for-data
treeverse/lakeFS,lakefs
treeverse/lakeFS,apache-spark
treeverse/lakeFS,apache-sparksql
treeverse/lakeFS,hadoop-filesystem
treeverse/lakeFS,datalake
treeverse/lakeFS,datalakes
treeverse/lakeFS,data-version-control
treeverse/lakeFS,azure-storage
linkedpipes/etl,linked-data
linkedpipes/etl,linkedpipes
linkedpipes/etl,rdf
linkedpipes/etl,etl
apache/incubator-livy,livy
apache/incubator-livy,bigdata
apache/incubator-livy,spark
apache/incubator-livy,apachelivy
HECBioSim/Longbow,high-performance-computing
HECBioSim/Longbow,job-submission
HECBioSim/Longbow,automation
HECBioSim/Longbow,scientific-computing
HECBioSim/Longbow,pbs-pro
HECBioSim/Longbow,torque
HECBioSim/Longbow,lsf-jobs
HECBioSim/Longbow,slurm
HECBioSim/Longbow,sge
HECBioSim/Longbow,bioinformatics
HECBioSim/Longbow,biosimulation
HECBioSim/Longbow,molecular-dynamics
HECBioSim/Longbow,gromacs
HECBioSim/Longbow,amber
HECBioSim/Longbow,lammps
HECBioSim/Longbow,namd
HECBioSim/Longbow,charmm
HECBioSim/Longbow,supercomputer
HECBioSim/Longbow,job-scheduler
HECBioSim/Longbow,job-queue
pepkit/looper,bioinformatics
pepkit/looper,bioinformatics-pipeline
pepkit/looper,pipeline-submission-engine
pepkit/looper,ngs
lsst/pipe_base,hacktoberfest
lsst/pipe_base,astronomy
lsst/pipe_base,python
lsst/pipe_base,pipelines
spotify/luigi,python
spotify/luigi,luigi
spotify/luigi,orchestration-framework
spotify/luigi,scheduling
spotify/luigi,hadoop
LLNL/maestrowf,simulation-study
LLNL/maestrowf,workflow-processes
LLNL/maestrowf,hpc
LLNL/maestrowf,science-research
LLNL/maestrowf,workflows
LLNL/maestrowf,radiuss
LLNL/maestrowf,python
LLNL/maestrowf,workflow
apache/mahout,java
apache/mahout,mahout
apache/mahout,library
mara/mara-pipelines,etl
mara/mara-pipelines,data-integration
mara/mara-pipelines,python
mara/mara-pipelines,postgresql
mara/mara-pipelines,pipeline
mara/mara-pipelines,data
MarquezProject/marquez,data-lineage
MarquezProject/marquez,data-discovery
MarquezProject/marquez,data-governance
MarquezProject/marquez,data-provenance
MarquezProject/marquez,metadata-service
MarquezProject/marquez,data-dictionary
MarquezProject/marquez,marquez
MarquezProject/marquez,metadata
MarquezProject/marquez,data-ecosystem-metadata
MarquezProject/marquez,data-ops
centerofci/mathesar,python
centerofci/mathesar,django
centerofci/mathesar,sqlalchemy
centerofci/mathesar,javascript
centerofci/mathesar,typescript
centerofci/mathesar,svelte
centerofci/mathesar,sveltejs
centerofci/mathesar,django-rest-framework
centerofci/mathesar,postgresql
centerofci/mathesar,postgres
centerofci/mathesar,database-management
centerofci/mathesar,database-gui
centerofci/mathesar,airtable-alternative
centerofci/mathesar,rest-api
centerofci/mathesar,restful-api
centerofci/mathesar,automatic-api
MD-Studio/MDStudio,python
MD-Studio/MDStudio,crossbar
MD-Studio/MDStudio,microservice-framework
MD-Studio/MDStudio,science
MD-Studio/MDStudio,scientific-computing
MD-Studio/MDStudio,molecular-dynamics
LLNL/merlin,machine-learning
LLNL/merlin,big-data
LLNL/merlin,simulation
LLNL/merlin,workflow
LLNL/merlin,redis-server
LLNL/merlin,celery-workers
LLNL/merlin,workflows
LLNL/merlin,hpc
LLNL/merlin,radiuss
alicevision/Meshroom,photogrammetry
alicevision/Meshroom,computer-vision
alicevision/Meshroom,3d-reconstruction
alicevision/Meshroom,alicevision
alicevision/Meshroom,structure-from-motion
alicevision/Meshroom,multi-view-stereo
alicevision/Meshroom,camera-tracking
alicevision/Meshroom,hdr-imaging
alicevision/Meshroom,image-stitching
alicevision/Meshroom,texturing
alicevision/Meshroom,meshroom
Netflix/metaflow,machine-learning
Netflix/metaflow,data-science
Netflix/metaflow,productivity
Netflix/metaflow,model-management
Netflix/metaflow,ai
Netflix/metaflow,ml
Netflix/metaflow,ml-platform
Netflix/metaflow,ml-infrastructure
Netflix/metaflow,python
Netflix/metaflow,r
Netflix/metaflow,rstats
Netflix/metaflow,reproducible-research
Netflix/metaflow,r-package
Netflix/metaflow,mlops
Netflix/metaflow,datascience
Netflix/metaflow,high-performance-computing
Netflix/metaflow,kubernetes
Netflix/metaflow,aws
Netflix/metaflow,azure
Netflix/metaflow,gcp
openstack/mistral,service
combust/mleap,scikit-learn
combust/mleap,spark
combust/mleap,data-pipelines
combust/mleap,transformers
combust/mleap,tensorflow
combust/mleap,scala
combust/mleap,python
mlflow/mlflow,machine-learning
mlflow/mlflow,ai
mlflow/mlflow,ml
mlflow/mlflow,mlflow
mlflow/mlflow,apache-spark
mlflow/mlflow,model-management
mlr-org/mlr3pipelines,mlr3
mlr-org/mlr3pipelines,machine-learning
mlr-org/mlr3pipelines,pipelines
mlr-org/mlr3pipelines,preprocessing
mlr-org/mlr3pipelines,bagging
mlr-org/mlr3pipelines,stacking
mlr-org/mlr3pipelines,ensemble-learning
mlr-org/mlr3pipelines,r
mlr-org/mlr3pipelines,dataflow-programming
mlr-org/mlr3pipelines,r-package
mlr-org/mlr3pipelines,data-science
bioinfo-core-BGU/neatseq-flow,neatseq-flow
bioinfo-core-BGU/neatseq-flow,python
bioinfo-core-BGU/neatseq-flow,workflows
bioinfo-core-BGU/neatseq-flow,bioinformatics-pipeline
projectnessie/nessie,data
projectnessie/nessie,spark
projectnessie/nessie,java
projectnessie/nessie,iceberg
projectnessie/nessie,aws-lambda
projectnessie/nessie,git
Netflix/conductor,orchestration-engine
Netflix/conductor,java
Netflix/conductor,spring-boot
Netflix/conductor,distributed-systems
Netflix/conductor,workflow-management
Netflix/conductor,microservice-orchestration
Netflix/conductor,workflow-engine
Netflix/conductor,reactjs
Netflix/conductor,javascript
Netflix/conductor,workflow-automation
Netflix/conductor,grpc
Netflix/conductor,workflows
Netflix/conductor,orchestrator
nextflow-io/nextflow,bioinformatics
nextflow-io/nextflow,workflow-engine
nextflow-io/nextflow,pipeline
nextflow-io/nextflow,pipeline-framework
nextflow-io/nextflow,nextflow
nextflow-io/nextflow,cloud
nextflow-io/nextflow,groovy
nextflow-io/nextflow,sge
nextflow-io/nextflow,slurm
nextflow-io/nextflow,aws
nextflow-io/nextflow,docker
nextflow-io/nextflow,singularity
nextflow-io/nextflow,hpc
nextflow-io/nextflow,singularity-containers
nextflow-io/nextflow,reproducible-science
nextflow-io/nextflow,reproducible-research
nextflow-io/nextflow,dataflow
nextflow-io/nextflow,hello
ngless-toolkit/ngless,haskell
ngless-toolkit/ngless,bioinformatics
ngless-toolkit/ngless,bioinformatics-pipeline
ngless-toolkit/ngless,samtools
ngless-toolkit/ngless,bwa
ngless-toolkit/ngless,next-generation-sequencing
ngless-toolkit/ngless,fastq-format
ngless-toolkit/ngless,fastq
ngless-toolkit/ngless,science
ngless-toolkit/ngless,ngs
ngless-toolkit/ngless,metagenomics
ngless-toolkit/ngless,genomics
ngless-toolkit/ngless,haskell-language
apache/nifi,nifi
apache/nifi,java
apache/nifi,hacktoberfest
nipy/nipype,python
nipy/nipype,workflow-engine
nipy/nipype,brain-imaging
nipy/nipype,big-data
nipy/nipype,dataflow
nipy/nipype,data-science
nipy/nipype,dataflow-programming
nipy/nipype,neuroimaging
nipy/nipype,brainweb
node-red/node-red,node-red
node-red/node-red,javascript
node-red/node-red,low-code
node-red/node-red,openjs-foundation
noflo/noflo,noflo
noflo/noflo,fbp
noflo/noflo,etl-framework
noflo/noflo,flow-based-programming
noflo/noflo,nocode
omegaml/omegaml,data-science
omegaml/omegaml,scikit-learn
omegaml/omegaml,jupyter-notebook
omegaml/omegaml,docker-image
omegaml/omegaml,deploy
omegaml/omegaml,machine-learning
omegaml/omegaml,artificial-intelligence
omegaml/omegaml,productized
omegaml/omegaml,celery
omegaml/omegaml,mlops
omegaml/omegaml,pytorch
omegaml/omegaml,tensorflow
apache/oodt,java
apache/oodt,big-data
apache/oodt,oodt
apache/oozie,javascript
apache/oozie,java
apache/oozie,big-data
apache/oozie,oozie
openmole/openmole,scala
openmole/openmole,workflow
openmole/openmole,modeling-tool
openmole/openmole,distributed-computing
openmole/openmole,parameter-search
openmole/openmole,scientific-computing
openmole/openmole,workflow-engine
openmole/openmole,grid
openmole/openmole,parameter-tuning
openmole/openmole,parameter-estimation
openmole/openmole,egi
openmole/openmole,dirac
openmole/openmole,hyperparameters
biolab/orange3,data-mining
biolab/orange3,data-science
biolab/orange3,machine-learning
biolab/orange3,data-visualization
biolab/orange3,orange
biolab/orange3,python
biolab/orange3,scikit-learn
biolab/orange3,numpy
biolab/orange3,scipy
biolab/orange3,pandas
biolab/orange3,decision-trees
biolab/orange3,clustering
biolab/orange3,visualization
biolab/orange3,orange3
biolab/orange3,random-forest
biolab/orange3,plotting
biolab/orange3,classification
biolab/orange3,regression
biolab/orange3,visual-programming
orchest/orchest,data-science
orchest/orchest,machine-learning
orchest/orchest,pipelines
orchest/orchest,ide
orchest/orchest,jupyter
orchest/orchest,cloud
orchest/orchest,self-hosted
orchest/orchest,jupyterlab
orchest/orchest,notebooks
orchest/orchest,docker
orchest/orchest,python
orchest/orchest,data-pipelines
orchest/orchest,orchest
orchest/orchest,deployment
orchest/orchest,kubernetes
orchest/orchest,airflow
orchest/orchest,dag
orchest/orchest,etl
orchest/orchest,etl-pipeline
pachyderm/pachyderm,go
pachyderm/pachyderm,pachyderm
pachyderm/pachyderm,docker
pachyderm/pachyderm,analytics
pachyderm/pachyderm,big-data
pachyderm/pachyderm,containers
pachyderm/pachyderm,distributed-systems
pachyderm/pachyderm,kubernetes
pachyderm/pachyderm,data-science
pachyderm/pachyderm,data-analysis
Parsl/parsl,hacktoberfest
pegasus-isi/pegasus,workflow
pegasus-isi/pegasus,workflow-management-system
pegasus-isi/pegasus,bioinformatics
pegasus-isi/pegasus,distributed-systems
pegasus-isi/pegasus,hpc
phpflo/phpflo,flow-based-programming
phpflo/phpflo,fbp
phpflo/phpflo,php
phpflo/phpflo,php7
phpflo/phpflo,noflo
phpflo/phpflo,graph
phpflo/phpflo,flow
pipelinedb/pipelinedb,realtime
pipelinedb/pipelinedb,stream-processing
pipelinedb/pipelinedb,analytics
pipelinedb/pipelinedb,sql
pipelinedb/pipelinedb,push
pipelinedb/pipelinedb,postgresql
pipelinedb/pipelinedb,pipelinedb
pipelinedb/pipelinedb,time-series
pipelinedb/pipelinedb,aggregation
polyaxon/polyaxon,deep-learning
polyaxon/polyaxon,machine-learning
polyaxon/polyaxon,artificial-intelligence
polyaxon/polyaxon,data-science
polyaxon/polyaxon,reinforcement-learning
polyaxon/polyaxon,kubernetes
polyaxon/polyaxon,tensorflow
polyaxon/polyaxon,pytorch
polyaxon/polyaxon,keras
polyaxon/polyaxon,mxnet
polyaxon/polyaxon,caffe
polyaxon/polyaxon,ml
polyaxon/polyaxon,k8s
polyaxon/polyaxon,jupyter
polyaxon/polyaxon,notebook
polyaxon/polyaxon,jupyterlab
polyaxon/polyaxon,pipelines
polyaxon/polyaxon,workflow
polyaxon/polyaxon,mlops
polyaxon/polyaxon,hyperparameter-optimization
getpopper/popper,reproducibility
getpopper/popper,cli
getpopper/popper,devops
getpopper/popper,sciops
getpopper/popper,containers
getpopper/popper,workflows
getpopper/popper,docker
getpopper/popper,singularity
getpopper/popper,podman
getpopper/popper,automation-engine
apache/predictionio,scala
apache/predictionio,big-data
apache/predictionio,predictionio
PrefectHQ/prefect,python
PrefectHQ/prefect,workflow
PrefectHQ/prefect,data-engineering
PrefectHQ/prefect,data-science
PrefectHQ/prefect,workflow-engine
PrefectHQ/prefect,prefect
PrefectHQ/prefect,infrastructure
PrefectHQ/prefect,ml-ops
PrefectHQ/prefect,data-ops
PrefectHQ/prefect,automation
PrefectHQ/prefect,orchestration
PrefectHQ/prefect,data
PrefectHQ/prefect,observability
PrefectHQ/prefect,pipeline
prestodb/presto,java
prestodb/presto,presto
prestodb/presto,hive
prestodb/presto,hadoop
prestodb/presto,big-data
prestodb/presto,sql
prestodb/presto,data
prestodb/presto,lakehouse
prestodb/presto,query
nipype/pydra,dataflow-engine
nipype/pydra,python3
nipype/pydra,brainweb
Illumina/pyflow,workflow
Illumina/pyflow,workflow-engine
Illumina/pyflow,task-runner
dropbox/PyHive,hive
dropbox/PyHive,python
dropbox/PyHive,hiveserver2
dropbox/PyHive,presto
dropbox/PyHive,dbapi
dropbox/PyHive,sqlalchemy
pyiron/pyiron,pyiron
pyiron/pyiron,python
pyiron/pyiron,molecular-dynamics
pyiron/pyiron,ab-initio
pyiron/pyiron,development-environment
pyiron/pyiron,simulation
pyiron/pyiron,ide
pyiron/pyiron,ase
pyiron/pyiron,hdf5
pyiron/pyiron,vasp
pyiron/pyiron,lammps
pyiron/pyiron,dft
pwwang/pipen,pipeline-framework
pwwang/pipen,pipeline
pwwang/pipen,jinja2
pwwang/pipen,dot
pwwang/pipen,workflow-engine
pwwang/pipen,workflow
pwwang/pipen,python
pypyr/pypyr,pipeline
pypyr/pypyr,pipeline-runner
pypyr/pypyr,pipeline-processor
pypyr/pypyr,pipelines-yaml
pypyr/pypyr,devops
pypyr/pypyr,task-runner
pypyr/pypyr,script
pypyr/pypyr,script-loader
pypyr/pypyr,taskrunner
pypyr/pypyr,automation
pypyr/pypyr,ci
pypyr/pypyr,cd
pypyr/pypyr,ci-cd
pypyr/pypyr,tool
pypyr/pypyr,task-manager
pypyr/pypyr,pipelines
pypyr/pypyr,continuous-deployment
pypyr/pypyr,continuous-integration
pypyr/pypyr,python
quiltdata/quilt,data
quiltdata/quilt,data-engineering
quiltdata/quilt,data-version-control
quiltdata/quilt,data-versioning
quiltdata/quilt,python
quiltdata/quilt,serialization
quiltdata/quilt,parquet
substantic/rain,pipelines
substantic/rain,distributed-computing
substantic/rain,python-api
substantic/rain,rust
substantic/rain,workflows
ray-project/ray,ray
ray-project/ray,distributed
ray-project/ray,parallel
ray-project/ray,machine-learning
ray-project/ray,reinforcement-learning
ray-project/ray,deep-learning
ray-project/ray,python
ray-project/ray,rllib
ray-project/ray,hyperparameter-search
ray-project/ray,optimization
ray-project/ray,data-science
ray-project/ray,automl
ray-project/ray,hyperparameter-optimization
ray-project/ray,model-selection
ray-project/ray,java
ray-project/ray,serving
ray-project/ray,deployment
ray-project/ray,pytorch
ray-project/ray,tensorflow
ray-project/ray,llm-serving
reanahub/reana,research-data
reanahub/reana,reproducible-research
reanahub/reana,reproducible-workflows
reanahub/reana,kubernetes
reanahub/reana,containers
reanahub/reana,cwl
reanahub/reana,reusable-science
insitro/redun,workflow-engine
insitro/redun,python
insitro/redun,aws
insitro/redun,bioinformatics
insitro/redun,data-engineering
insitro/redun,data-science
insitro/redun,docker
insitro/redun,gcp
grailbio/reflow,bioinformatics-pipeline
grailbio/reflow,scientific-computing
grailbio/reflow,language
grailbio/reflow,runtime
grailbio/reflow,data-science
grailbio/reflow,cloud-computing
grailbio/reflow,aws
grailbio/reflow,analysis-pipeline
grailbio/reflow,golang
faust-streaming/faust,asyncio
faust-streaming/faust,python-streaming
faust-streaming/faust,kafka
faust-streaming/faust,redis
faust-streaming/faust,distributed-systems
TheRoddyWMS/Roddy,workflow-management
TheRoddyWMS/Roddy,bioinformatics
TheRoddyWMS/Roddy,hpc-applications
TheRoddyWMS/Roddy,workflow-engine
TheRoddyWMS/Roddy,scientific-workflows
TheRoddyWMS/Roddy,pipeline
TheRoddyWMS/Roddy,pbs
TheRoddyWMS/Roddy,lsf
TheRoddyWMS/Roddy,grid-engine
TheRoddyWMS/Roddy,workflow
TheRoddyWMS/Roddy,roddy
tonyfischetti/sake,ansible
tonyfischetti/sake,automation
tonyfischetti/sake,make
tonyfischetti/sake,python
tonyfischetti/sake,documentation
tonyfischetti/sake,yaml
apache/samza,scala
apache/samza,big-data
apache/samza,samza
pdp10/sbpipe,pipeline
pdp10/sbpipe,modelling
pdp10/sbpipe,simulation
pdp10/sbpipe,parameter-estimation
pdp10/sbpipe,conda
warelab/sciapps,cyverse
warelab/sciapps,workflow
warelab/sciapps,agave
kaizhang/SciFlow,workflow-management
kaizhang/SciFlow,computational-pipelines
kaizhang/SciFlow,cloud-haskell
kaizhang/SciFlow,distributed-computing
pharmbio/sciluigi,workflow-engine
pharmbio/sciluigi,luigi
pharmbio/sciluigi,workflow
pharmbio/sciluigi,scientific-workflows
scipipe/scipipe,scientific-workflows
scipipe/scipipe,bioinformatics-pipeline
scipipe/scipipe,workflow
scipipe/scipipe,go
scipipe/scipipe,dataflow
scipipe/scipipe,pipeline
scipipe/scipipe,cheminformatics
scipipe/scipipe,bioinformatics
scipipe/scipipe,fbp
scipipe/scipipe,scipipe
scipipe/scipipe,workflow-engine
SeldonIO/seldon-core,kubernetes
SeldonIO/seldon-core,machine-learning
SeldonIO/seldon-core,deployment
SeldonIO/seldon-core,serving
SeldonIO/seldon-core,mlops
SeldonIO/seldon-core,aiops
SeldonIO/seldon-core,machine-learning-operations
SeldonIO/seldon-core,production-machine-learning
nlgranger/SeqTools,python
nlgranger/SeqTools,on-the-fly
nlgranger/SeqTools,lazy-evaluation
nlgranger/SeqTools,preprocessing
nlgranger/SeqTools,pipeline
nlgranger/SeqTools,delayedcall
nlgranger/SeqTools,machine-learning
nlgranger/SeqTools,mapping
nlgranger/SeqTools,library
SeqWare/seqware,bioinformatics
SeqWare/seqware,ngs
SeqWare/seqware,java
glotzerlab/signac,data
glotzerlab/signac,database
glotzerlab/signac,data-management
glotzerlab/signac,reproducibility
glotzerlab/signac,hacktoberfest
MG-RAST/Skyport2,cloud-computing
MG-RAST/Skyport2,multi-cloud
MG-RAST/Skyport2,shock
MG-RAST/Skyport2,mg-rast
MG-RAST/Skyport2,awe
snakemake/snakemake,snakemake
snakemake/snakemake,reproducibility
snakemake/snakemake,workflow-management
snorkel-team/snorkel,machine-learning
snorkel-team/snorkel,ai
snorkel-team/snorkel,weak-supervision
snorkel-team/snorkel,labeling
snorkel-team/snorkel,data-science
snorkel-team/snorkel,python
snorkel-team/snorkel,snorkel
snorkel-team/snorkel,training-data
snorkel-team/snorkel,data-augmentation
snorkel-team/snorkel,data-slicing
apache/spark,python
apache/spark,scala
apache/spark,r
apache/spark,java
apache/spark,big-data
apache/spark,jdbc
apache/spark,sql
apache/spark,spark
sartography/SpiffWorkflow,workflow
sartography/SpiffWorkflow,spiff-workflow
sartography/SpiffWorkflow,python
sartography/SpiffWorkflow,workflow-specification
sartography/SpiffWorkflow,bpmn
sartography/SpiffWorkflow,bpmn-engine
sartography/SpiffWorkflow,workflowpatterns
spring-cloud/spring-cloud-dataflow,microservices-architecture
spring-cloud/spring-cloud-dataflow,orchestration
spring-cloud/spring-cloud-dataflow,stream-processing
spring-cloud/spring-cloud-dataflow,batch-processing
spring-cloud/spring-cloud-dataflow,predictive-analytics
spring-cloud/spring-cloud-dataflow,cloud-native
spring-cloud/spring-cloud-dataflow,datapipelines
InformaticsMatters/squonk,rdkit
InformaticsMatters/squonk,gradle
InformaticsMatters/squonk,chemaxon
InformaticsMatters/squonk,docker
InformaticsMatters/squonk,openshift
InformaticsMatters/squonk,squonk
InformaticsMatters/squonk,java
minerva-ml/steppy,python
minerva-ml/steppy,pipeline
minerva-ml/steppy,data-science
minerva-ml/steppy,machine-learning
minerva-ml/steppy,deep-learning
minerva-ml/steppy,steps
minerva-ml/steppy,nlp
minerva-ml/steppy,reproducible-research
minerva-ml/steppy,reproducibility
minerva-ml/steppy,steppy
minerva-ml/steppy,steppy-library
minerva-ml/steppy,steppy-toolkit
minerva-ml/steppy,minimal-interface
minerva-ml/steppy,open-source
minerva-ml/steppy,image-processing
minerva-ml/steppy,python3
minerva-ml/steppy,python-library
ratt-ru/Stimela,pipelines
ratt-ru/Stimela,astronomical-algorithms
ratt-ru/Stimela,workflow-management
petehague/Stoa,python
petehague/Stoa,tornado
apache/storm,storm
apache/storm,java
apache/storm,big-data
alpha-unito/streamflow,workflows
apache/streampipes,iot
apache/streampipes,analytics
apache/streampipes,edge
apache/streampipes,stream-processing
apache/streampipes,iiot
apache/streampipes,self-service
brexhq/substation,aws
brexhq/substation,serverless
brexhq/substation,security
brexhq/substation,golang
brexhq/substation,data-engineering
brexhq/substation,observability
apache/systemds,systemds
apache/systemds,java
apache/systemds,dml
apache/systemds,python
ropensci/targets,reproducibility
ropensci/targets,high-performance-computing
ropensci/targets,r
ropensci/targets,data-science
ropensci/targets,pipeline
ropensci/targets,rstats
ropensci/targets,r-package
ropensci/targets,workflow
ropensci/targets,targets
ropensci/targets,reproducible-research
ropensci/targets,make
ropensci/targets,r-targetopia
ropensci/targets,peer-reviewed
go-task/task,go
go-task/task,make
go-task/task,makefile
go-task/task,task
go-task/task,task-runner
go-task/task,devops
go-task/task,build-tool
go-task/task,taskfile
tektoncd/pipeline,tekton
tektoncd/pipeline,pipeline
tektoncd/pipeline,kubernetes
tektoncd/pipeline,cdf
tektoncd/pipeline,hacktoberfest
temporalio/temporal,workflows
temporalio/temporal,workflow-engine
temporalio/temporal,workflow-automation
temporalio/temporal,workflow-management
temporalio/temporal,workflow-management-system
temporalio/temporal,distributed-systems
temporalio/temporal,golang
temporalio/temporal,service-bus
temporalio/temporal,service-fabric
temporalio/temporal,microservices-architecture
temporalio/temporal,microservice-framework
temporalio/temporal,microservice-orchestration
temporalio/temporal,cronjob-scheduler
temporalio/temporal,distributed-cron
temporalio/temporal,orchestrator
Texera/texera,declarative-ui
Texera/texera,nlp
Texera/texera,texera
Texera/texera,workflow
Texera/texera,data-analytics
Texera/texera,machine-learning
apache/tez,java
apache/tez,big-data
apache/tez,tez
apache/tez,apache
apache/tez,hadoop
4dn-dcic/tibanna,pipelines
4dn-dcic/tibanna,aws-step-function
4dn-dcic/tibanna,aws
4dn-dcic/tibanna,docker
4dn-dcic/tibanna,aws-lambda
4dn-dcic/tibanna,bioinformatics
4dn-dcic/tibanna,cwl
4dn-dcic/tibanna,wdl
4dn-dcic/tibanna,cwl-workflow
4dn-dcic/tibanna,wdl-workflow
4dn-dcic/tibanna,snakemake
4dn-dcic/tibanna,snakemake-workflow
4dn-dcic/tibanna,conda
DataBiosphere/toil,cwl
DataBiosphere/toil,python
DataBiosphere/toil,mesos
DataBiosphere/toil,slurm
DataBiosphere/toil,gridengine
DataBiosphere/toil,workflow
DataBiosphere/toil,pipeline
DataBiosphere/toil,aws
DataBiosphere/toil,common-workflow-language
DataBiosphere/toil,kubernetes
DataBiosphere/toil,wdl
EpistasisLab/tpot,machine-learning
EpistasisLab/tpot,python
EpistasisLab/tpot,data-science
EpistasisLab/tpot,automl
EpistasisLab/tpot,automation
EpistasisLab/tpot,scikit-learn
EpistasisLab/tpot,hyperparameter-optimization
EpistasisLab/tpot,model-selection
EpistasisLab/tpot,parameter-tuning
EpistasisLab/tpot,automated-machine-learning
EpistasisLab/tpot,random-forest
EpistasisLab/tpot,gradient-boosting
EpistasisLab/tpot,feature-engineering
EpistasisLab/tpot,aiml
EpistasisLab/tpot,alzheimer
EpistasisLab/tpot,alzheimers
EpistasisLab/tpot,nia
EpistasisLab/tpot,u01ag066833
EpistasisLab/tpot,ag066833
EpistasisLab/tpot,adsp
allegroai/clearml,version-control
allegroai/clearml,experiment-manager
allegroai/clearml,version
allegroai/clearml,control
allegroai/clearml,experiment
allegroai/clearml,deeplearning
allegroai/clearml,deep-learning
allegroai/clearml,machine-learning
allegroai/clearml,machinelearning
allegroai/clearml,ai
allegroai/clearml,trains
allegroai/clearml,trainsai
allegroai/clearml,clearml
allegroai/clearml,k8s
allegroai/clearml,devops
allegroai/clearml,mlops
triggerflow/triggerflow,serverless-framework
triggerflow/triggerflow,event-based-scheduler
triggerflow/triggerflow,functions-as-a-service
triggerflow/triggerflow,serverless
triggerflow/triggerflow,keda
triggerflow/triggerflow,knative
triggerflow/triggerflow,trigger
triggerflow/triggerflow,workflow
triggerflow/triggerflow,state-machines
triggerflow/triggerflow,serverless-workflows
triggerflow/triggerflow,orchestration
ugeneunipro/ugene,ugene
ugeneunipro/ugene,bioinformatics
ugeneunipro/ugene,ngs
ugeneunipro/ugene,dna
ugeneunipro/ugene,workflow
ugeneunipro/ugene,pipeline
ugeneunipro/ugene,science
ugeneunipro/ugene,cpp
ugeneunipro/ugene,qt5
ugeneunipro/ugene,sequencing
ugeneunipro/ugene,cross-platform
ugeneunipro/ugene,msa
VisTrails/VisTrails,reproducibility
VisTrails/VisTrails,python
VisTrails/VisTrails,visualization
VisTrails/VisTrails,vtk
VisTrails/VisTrails,versioning
VisTrails/VisTrails,workflow
VisTrails/VisTrails,provenance
VisTrails/VisTrails,reproducible-science
VisTrails/VisTrails,pipeline
VisTrails/VisTrails,job-submission
volcano-sh/volcano,batch-systems
volcano-sh/volcano,kubernetes
volcano-sh/volcano,golang
volcano-sh/volcano,hpc
volcano-sh/volcano,bigdata
volcano-sh/volcano,machine-learning
volcano-sh/volcano,gene
VowpalWabbit/vowpal_wabbit,c-plus-plus
VowpalWabbit/vowpal_wabbit,machine-learning
VowpalWabbit/vowpal_wabbit,online-learning
VowpalWabbit/vowpal_wabbit,contextual-bandits
VowpalWabbit/vowpal_wabbit,reinforcement-learning
VowpalWabbit/vowpal_wabbit,active-learning
VowpalWabbit/vowpal_wabbit,learning-to-search
VowpalWabbit/vowpal_wabbit,cpp
fjukstad/walrus,docker
fjukstad/walrus,pipeline
fjukstad/walrus,reproducibility
klugem/watchdog,bioinformatics-pipeline
klugem/watchdog,workflow-management-system
klugem/watchdog,bioinformatics
klugem/watchdog,rna-seq-analysis
klugem/watchdog,cluster-computing
klugem/watchdog,big-data-analytics
openwdl/wdl,wdl
openwdl/wdl,workflow
openwdl/wdl,cromwell
openwdl/wdl,bioinformatics
openwdl/wdl,reproducible-science
openwdl/wdl,reproducibility
openwdl/wdl,cloud
openwdl/wdl,openwdl
whylabs/whylogs,ai-pipelines
whylabs/whylogs,approximate-statistics
whylabs/whylogs,statistical-properties
whylabs/whylogs,data-quality
whylabs/whylogs,calculate-statistics
whylabs/whylogs,python
whylabs/whylogs,logging
whylabs/whylogs,mlops
whylabs/whylogs,dataops
whylabs/whylogs,ml-pipelines
whylabs/whylogs,data-pipeline
whylabs/whylogs,dataset
whylabs/whylogs,machine-learning
whylabs/whylogs,data-science
whylabs/whylogs,analytics
whylabs/whylogs,constraints
whylabs/whylogs,data-constraints
whylabs/whylogs,model-performance
candlecorp/wick,webassembly
candlecorp/wick,streaming
candlecorp/wick,component-based
candlecorp/wick,functional-reactive-programming
candlecorp/wick,modular-architecture
ChrisSuess/Project-Xbow,cloud-computing
ChrisSuess/Project-Xbow,aws
picanumber/yapp,cpp
picanumber/yapp,cpp20
picanumber/yapp,header-only
picanumber/yapp,multithreading
picanumber/yapp,parallel-processing
picanumber/yapp,pipeline
picanumber/yapp,template-metaprogramming
camunda/zeebe,microservices
camunda/zeebe,orchestration-framework
camunda/zeebe,workflow-engine
camunda/zeebe,java
camunda/zeebe,golang
camunda/zeebe,bpmn
camunda/zeebe,workflow
camunda/zeebe,grpc
camunda/zeebe,hacktoberfest
zenml-io/zenml,mlops
zenml-io/zenml,machine-learning
zenml-io/zenml,data-science
zenml-io/zenml,production-ready
zenml-io/zenml,devops-tools
zenml-io/zenml,zenml
zenml-io/zenml,pipelines
zenml-io/zenml,metadata-tracking
zenml-io/zenml,deep-learning
zenml-io/zenml,pytorch
zenml-io/zenml,tensorflow
zenml-io/zenml,ml
zenml-io/zenml,ai
zenml-io/zenml,automl
zenml-io/zenml,hacktobe
zenml-io/zenml,hacktoberfest
zenml-io/zenml,workflow
zincware/ZnFlow,computational-graphs
zincware/ZnFlow,directed-acyclic-graph
zincware/ZnFlow,networkx
zincware/ZnFlow,networkx-graph
zincware/ZnFlow,python
zincware/ZnFlow,python3
zincware/ZnFlow,workflow
